"Time_Iter","Outer_Iter","Inner_Iter",    "rms[Rho]"    ,    "rms[RhoU]"   ,    "rms[RhoV]"   ,    "rms[RhoE]"   ,     "rms[nu]"    ,    "RefForce"    ,       "CD"       ,       "CL"       ,       "CSF"      ,       "CMx"      ,       "CMy"      ,       "CMz"      ,       "CFx"      ,       "CFy"      ,       "CFz"      ,      "CEff"      ,     "Buffet"     
          0,           0,           0,      -1.161177732,      -12.85895988,      -13.47263518,      -0.455741685,      -8.089418288,        5073.92698,     0.02703370138,       0.114678579,                 0,                 0,                 0,       186.0263384,      0.0148984323,       0.116876149,                 0,       4.242059842,    0.005396424644
          0,           0,           1,      -1.280450851,       -1.06363613,      -1.432963598,     -0.5839485037,      -7.995922385,        5073.92698,     0.05070078963,      0.2246265747,                 0,                 0,                 0,       359.0232859,     0.02694317474,      0.2286957224,                 0,        4.43043543,    0.005396424644
          0,           0,           2,      -1.339242843,      -1.102124481,      -1.458051326,     -0.6430121584,      -8.039469261,        5073.92698,     0.07200979147,      0.3321083714,                 0,                 0,                 0,       524.6935643,      0.0369005366,      0.3378161198,                 0,       4.611989073,    0.005396424644
          0,           0,           3,      -1.406177791,      -1.162023491,      -1.463217523,     -0.7098663333,      -8.093149386,        5073.92698,     0.08839108973,      0.4164415562,                 0,                 0,                 0,       651.1104393,     0.04437687819,      0.4233996305,                 0,       4.711352212,    0.005396424644
          0,           0,           4,      -1.443958114,      -1.205494243,      -1.538699222,     -0.7438614599,      -8.146165143,        5073.92698,     0.09652378566,      0.4549242177,                 0,                 0,                 0,       708.8601131,     0.04844248889,      0.4625215782,                 0,       4.713078901,    0.005396424644
          0,           0,           5,      -1.504649217,      -1.275767043,      -1.573733035,     -0.8009384453,      -8.162369561,        5073.92698,     0.09790898014,      0.4551128738,                 0,                 0,                 0,       708.9057924,     0.04980037518,      0.4628539931,                 0,       4.648326162,    0.005396424644
          0,           0,           6,      -1.574023693,      -1.351518021,      -1.580946517,     -0.8677074135,        -8.0768155,        5073.92698,     0.09603591384,       0.438630796,                 0,                 0,                 0,        681.775848,     0.04966041601,      0.4462664171,                 0,        4.56736213,    0.005396424644
          0,           0,           7,      -1.612054213,      -1.374406265,      -1.602892975,     -0.8915119245,      -7.886910883,        5073.92698,     0.09290643441,      0.4193203877,                 0,                 0,                 0,       651.4674315,      0.0485665675,      0.4267346736,                 0,       4.513362184,    0.005396424644
          0,           0,           8,       -1.63509167,      -1.331762314,        -1.5840456,     -0.8953326114,      -7.597375151,        5073.92698,     0.09107070826,      0.4065207975,                 0,                 0,                 0,       631.6510474,     0.04807881913,      0.4138133152,                 0,       4.463793082,    0.005396424644
          0,           0,           9,       -1.62451567,      -1.258693922,      -1.559987007,     -0.8680496594,      -7.304092318,        5073.92698,     0.08975340851,      0.3972165235,                 0,                 0,                 0,       617.9024519,     0.04774129716,      0.4044223157,                 0,       4.425642771,    0.005396424644
          0,           0,          10,      -1.566226446,      -1.182875446,      -1.528922083,     -0.8164698935,      -7.011065403,        5073.92698,     0.08939808391,      0.3897212734,                 0,                 0,                 0,       605.6429954,     0.04817138604,      0.3969309838,                 0,       4.359391794,    0.005396424644
          0,           0,          11,      -1.463792363,      -1.099021685,      -1.472538494,     -0.7346082617,      -6.716717501,        5073.92698,     0.08943100527,      0.3834565802,                 0,                 0,                 0,       594.6659171,      0.0488589658,      0.3907040505,                 0,       4.287736441,    0.006011111596
          0,           0,          12,      -1.353998138,      -1.041145982,      -1.364955561,     -0.6574161284,      -6.421002102,        5073.92698,     0.08888357937,      0.3781635332,                 0,                 0,                 0,       586.1220333,     0.04886781283,      0.3853827778,                 0,       4.254593884,    0.006011111596
          0,           0,          13,      -1.326103535,      -1.074972501,      -1.322373227,     -0.6546199935,      -6.260694053,        5073.92698,     0.08827054297,      0.3728950803,                 0,                 0,                 0,       577.6974446,       0.048808838,      0.3800791062,                 0,       4.224456628,    0.006926923985
          0,           0,          14,      -1.242238794,       -1.04381395,      -1.223267864,     -0.5860427441,      -5.992387611,        5073.92698,     0.08794276866,      0.3684062631,                 0,                 0,                 0,       568.9608793,     0.04895206843,      0.3755806175,                 0,       4.189159254,    0.007237107658
          0,           0,          15,      -1.144951895,     -0.9558258731,      -1.118345519,      -0.486689264,      -5.697338454,        5073.92698,     0.08812122998,       0.366168335,                 0,                 0,                 0,       561.1833837,     0.04936347931,      0.3733736033,                 0,       4.155279438,    0.008792866207
          0,           0,          16,      -1.065963796,     -0.8675029723,      -1.053373734,     -0.4038838954,      -5.403827055,        5073.92698,     0.08832665862,       0.366824094,                 0,                 0,                 0,       556.7733423,     0.04949923711,      0.3740472431,                 0,       4.153039408,    0.009649283872
          0,           0,          17,      -1.035885318,     -0.8326570567,      -1.039845665,      -0.374883906,      -5.114678157,        5073.92698,     0.08825480441,      0.3698314549,                 0,                 0,                 0,       557.6262209,     0.04911342171,      0.3770306186,                 0,       4.190496567,     0.01086460193
          0,           0,          18,      -1.011987388,      -0.810014796,      -1.027690234,     -0.3474237943,      -4.834075816,        5073.92698,      0.0878244414,       0.374418147,                 0,                 0,                 0,       563.1679213,      0.0482059764,      0.3815471991,                 0,         4.2632568,     0.01085816637
          0,           0,          19,      -1.003626759,     -0.8114825488,      -1.019913228,     -0.3418728176,      -4.579710794,        5073.92698,     0.08727865466,      0.3804583337,                 0,                 0,                 0,       571.9993663,     0.04703180809,      0.3874972468,                 0,       4.359122345,     0.01146158673
          0,           0,          20,     -0.9872947275,     -0.8138762759,     -0.9943253235,     -0.3299837108,      -4.404477884,        5073.92698,     0.08675808403,      0.3866379368,                 0,                 0,                 0,       581.7189323,     0.04586814479,      0.3935885829,                 0,        4.45650617,     0.01184063355
          0,           0,          21,     -0.9685893993,     -0.8051937956,     -0.9691524874,     -0.3189285995,      -4.367216883,        5073.92698,     0.08641636315,      0.3925505765,                 0,                 0,                 0,       589.8770301,     0.04491025676,       0.399433113,                 0,       4.542549144,     0.01307869883
          0,           0,          22,       -0.93794186,     -0.7851277901,     -0.9511650098,     -0.2923164863,      -4.267484638,        5073.92698,     0.08667843032,      0.4013927515,                 0,                 0,                 0,       602.4094608,     0.04424662932,      0.4082542431,                 0,       4.630826263,     0.01348777757
          0,           0,          23,     -0.9138433852,     -0.7618511756,     -0.9221749226,     -0.2710275994,      -4.187428203,        5073.92698,     0.08736192728,      0.4105585548,                 0,                 0,                 0,       615.3941071,     0.04396829469,        0.41744128,                 0,       4.699513478,     0.01338140008
          0,           0,          24,     -0.8907404652,     -0.7350833738,     -0.9113470337,     -0.2478566748,      -4.150521416,        5073.92698,     0.08796765112,      0.4166293217,                 0,                 0,                 0,       623.4805182,     0.04393613238,      0.4235421061,                 0,       4.736165129,     0.01385498407
          0,           0,          25,     -0.8791350242,     -0.7182569929,     -0.8887066051,     -0.2346342977,      -3.992797313,        5073.92698,     0.08851495161,      0.4201382287,                 0,                 0,                 0,       627.6708529,     0.04411365403,      0.4270889994,                 0,       4.746522718,     0.01363651075
          0,           0,          26,     -0.8744883954,     -0.7091933698,     -0.8970377953,     -0.2287499346,      -3.893193372,        5073.92698,     0.08904152817,      0.4211149706,                 0,                 0,                 0,       627.1021915,     0.04453524863,      0.4281154328,                 0,       4.729422094,     0.01406126662
          0,           0,          27,     -0.8888930184,     -0.7176216275,     -0.9135501255,     -0.2426587218,       -3.91061568,        5073.92698,     0.08970588938,      0.4218267872,                 0,                 0,                 0,       626.6763456,      0.0451215653,      0.4288927947,                 0,        4.70233103,     0.01406126663
          0,           0,          28,     -0.9173939758,     -0.7368480307,     -0.9443463876,     -0.2694038927,      -3.956570832,        5073.92698,     0.09033039882,      0.4218707842,                 0,                 0,                 0,       625.3478225,     0.04573805467,      0.4290018297,                 0,          4.670308,     0.01406126664
          0,           0,          29,     -0.9534854989,     -0.7710559388,     -0.9949657844,     -0.3065665047,      -3.964112904,        5073.92698,     0.09069484064,      0.4209121134,                 0,                 0,                 0,       622.3435228,     0.04620070843,      0.4280865052,                 0,        4.64097087,     0.01406126664
          0,           0,          30,      -1.002105911,     -0.8177191231,      -1.021629397,     -0.3538669243,      -3.907390034,        5073.92698,     0.09082257678,      0.4194504715,                 0,                 0,                 0,       618.3737828,       0.046480528,      0.4266462223,                 0,       4.618350265,     0.01465829087
          0,           0,          31,      -1.052525599,     -0.8661481573,      -1.082457044,     -0.4044381476,       -3.82367441,        5073.92698,     0.09073916162,      0.4183419303,                 0,                 0,                 0,       615.1879346,     0.04651344391,      0.4255350345,                 0,       4.610379056,     0.01527905007
          0,           0,          32,      -1.094804732,     -0.9002363285,      -1.133480041,     -0.4447493416,      -3.745147342,        5073.92698,     0.09056548034,      0.4177550062,                 0,                 0,                 0,       613.1890342,     0.04640206434,      0.4249331711,                 0,       4.612739917,     0.01651556208
          0,           0,          33,      -1.125330368,     -0.9229283824,      -1.181583662,     -0.4733990412,      -3.661001688,        5073.92698,     0.09040290511,       0.418111899,                 0,                 0,                 0,       613.3041109,     0.04620307427,       0.425271115,                 0,       4.624982996,     0.01744666996
          0,           0,          34,      -1.170807538,     -0.9643206656,      -1.224774011,     -0.5189931841,       -3.57117419,        5073.92698,     0.09037231328,      0.4194789465,                 0,                 0,                 0,       615.7508174,     0.04602975465,      0.4266274759,                 0,       4.641675434,     0.01775396653
          0,           0,          35,      -1.245469829,       -1.04591237,      -1.277996323,     -0.5957564227,      -3.476819108,        5073.92698,     0.09045375317,      0.4213492339,                 0,                 0,                 0,       619.4105942,     0.04591525013,      0.4284960305,                 0,       4.658173034,     0.01744358694
          0,           0,          36,      -1.285628817,      -1.072997672,      -1.342441722,     -0.6337755888,      -3.366770624,        5073.92698,     0.09058772001,      0.4230492582,                 0,                 0,                 0,       622.8991023,     0.04587078216,      0.4302007452,                 0,       4.670050843,     0.01774887326
          0,           0,          37,       -1.34200123,      -1.129418704,      -1.389324253,     -0.6908801997,       -3.25317156,        5073.92698,     0.09069723453,      0.4241298725,                 0,                 0,                 0,       625.2244354,     0.04586674179,      0.4312868872,                 0,       4.676326403,     0.01805925286
          0,           0,          38,      -1.389933435,       -1.17283966,      -1.444522117,     -0.7359916579,      -3.131434358,        5073.92698,     0.09075546797,      0.4246303932,                 0,                 0,                 0,       626.3572851,     0.04587233756,      0.4317907531,                 0,       4.678840876,     0.01909588938
          0,           0,          39,      -1.438731744,      -1.219395869,      -1.485109357,     -0.7815067649,      -3.001845501,        5073.92698,     0.09077098504,      0.4247997685,                 0,                 0,                 0,       626.7936268,     0.04587006509,      0.4319608225,                 0,       4.679907002,     0.02006423194
          0,           0,          40,      -1.487209028,      -1.266140724,       -1.55599289,     -0.8276670654,      -2.869195845,        5073.92698,     0.09075996712,       0.424831961,                 0,                 0,                 0,       626.9775778,     0.04585574249,       0.431991687,                 0,       4.680829825,     0.02085666861
          0,           0,          41,       -1.52640617,      -1.294836838,      -1.602358782,     -0.8633263391,      -2.742131686,        5073.92698,     0.09074215872,      0.4248578837,                 0,                 0,                 0,       627.1995444,     0.04583532199,      0.4320156062,                 0,       4.682034125,     0.02112635237
          0,           0,          42,      -1.563056265,      -1.318538433,      -1.643012256,     -0.8953095588,      -2.635098098,        5073.92698,     0.09073164309,      0.4249352346,                 0,                 0,                 0,       627.5966766,     0.04581677859,      0.4320914342,                 0,       4.683429288,     0.02195543599
          0,           0,          43,      -1.603328009,      -1.341688829,      -1.675421373,     -0.9289131545,      -2.552131083,        5073.92698,     0.09073653561,       0.425093557,                 0,                 0,                 0,       628.2196209,     0.04580509511,      0.4322494007,                 0,       4.684921616,     0.02252624319
          0,           0,          44,      -1.658477475,      -1.375984733,      -1.708667773,     -0.9754104435,      -2.491141092,        5073.92698,     0.09076081589,       0.425359457,                 0,                 0,                 0,       629.0730866,     0.04580144827,       0.432516382,                 0,       4.686597986,     0.02289073781
          0,           0,          45,      -1.708585999,      -1.403447849,      -1.744025922,      -1.014744887,      -2.447023456,        5073.92698,      0.0908040907,      0.4257319242,                 0,                 0,                 0,       630.1130276,     0.04580555259,      0.4328913322,                 0,       4.688466356,     0.02313296143
          0,           0,          46,      -1.751054988,      -1.425010892,       -1.77652973,      -1.047354973,      -2.413460852,        5073.92698,     0.09085565787,      0.4261527425,                 0,                 0,                 0,       631.2511833,     0.04581284978,      0.4333152355,                 0,       4.690437035,     0.02285603577
          0,           0,          47,      -1.785125936,       -1.44279806,      -1.800189904,      -1.073395834,      -2.391039088,        5073.92698,     0.09090768878,      0.4265832748,                 0,                 0,                 0,       632.4327994,     0.04581959278,       0.433748848,                 0,       4.692488397,     0.02359220776
          0,           0,          48,      -1.815505142,      -1.459719399,       -1.82279995,      -1.097988855,       -2.37782867,        5073.92698,     0.09096023017,      0.4270160407,                 0,                 0,                 0,       633.6225513,     0.04582660998,      0.4341847352,                 0,       4.694535622,     0.02335060185
          0,           0,          49,      -1.851076889,      -1.486615299,      -1.859225788,      -1.128777506,      -2.368552244,        5073.92698,     0.09101175222,      0.4274342541,                 0,                 0,                 0,       634.7776278,     0.04583413459,      0.4346060431,                 0,       4.696473188,     0.02360985856
          0,           0,          50,      -1.879042085,      -1.508825942,      -1.882984022,      -1.154319433,      -2.360061959,        5073.92698,     0.09106078132,      0.4278183657,                 0,                 0,                 0,       635.8643188,     0.04584274451,      0.4349931754,                 0,       4.698162694,     0.02358431736
          0,           0,          51,      -1.902045356,      -1.530042816,      -1.908758361,      -1.177190252,      -2.342687114,        5073.92698,     0.09110780885,       0.428160413,                 0,                 0,                 0,       636.8751332,     0.04585376074,      0.4353382647,                 0,       4.699491936,     0.02406335077
          0,           0,          52,      -1.925892189,      -1.551605424,      -1.934896176,      -1.201338172,      -2.324561178,        5073.92698,     0.09115047034,      0.4284604921,                 0,                 0,                 0,       637.8219518,     0.04586482172,      0.4356411593,                 0,       4.700584544,     0.02515119173
          0,           0,          53,       -1.94216247,      -1.567282574,      -1.952622095,      -1.218992375,      -2.308138456,        5073.92698,     0.09118782877,       0.428740982,                 0,                 0,                 0,        638.745416,     0.04587265632,      0.4359240176,                 0,       4.701734735,     0.02639053902
          0,           0,          54,      -1.943738394,       -1.57569941,      -1.963165502,      -1.224055807,      -2.295935635,        5073.92698,     0.09122781056,      0.4290451538,                 0,                 0,                 0,       639.7044454,     0.04588062447,      0.4362307024,                 0,       4.703008338,     0.02711679593
          0,           0,          55,      -1.941493855,      -1.575711303,      -1.976355111,      -1.225750361,      -2.287551615,        5073.92698,     0.09127731858,      0.4294021239,                 0,                 0,                 0,       640.7375169,     0.04589254774,       0.436590892,                 0,       4.704368298,     0.02760096722
          0,           0,          56,      -1.947597925,      -1.581414776,      -1.985141194,      -1.233203645,       -2.28095091,        5073.92698,     0.09132645952,      0.4297550221,                 0,                 0,                 0,       641.7312361,     0.04590453158,      0.4369469936,                 0,       4.705701112,     0.02797963785
          0,           0,          57,      -1.948269159,      -1.586762664,       -1.98855915,       -1.23707616,       -2.27551228,        5073.92698,      0.0913684657,      0.4300283713,                 0,                 0,                 0,       642.5043905,     0.04591773487,      0.4372232362,                 0,       4.706529414,     0.02908456833
          0,           0,          58,      -1.948464212,      -1.594946479,      -1.992414981,       -1.24194629,      -2.271515213,        5073.92698,     0.09139581064,      0.4301349911,                 0,                 0,                 0,       642.9087812,     0.04593378521,      0.4373321302,                 0,       4.706287827,     0.03129442931
          0,           0,          59,      -1.950124562,      -1.606102508,      -1.998531625,      -1.247583557,      -2.268801962,        5073.92698,     0.09140350203,      0.4300412544,                 0,                 0,                 0,       642.8889672,     0.04595123261,      0.4372397111,                 0,       4.704866279,     0.03264144543
          0,           0,          60,      -1.952790335,      -1.616060174,      -2.000665952,      -1.253125301,      -2.266736141,        5073.92698,     0.09138652085,      0.4297222018,                 0,                 0,                 0,       642.4303054,     0.04596769454,      0.4369206312,                 0,       4.702249279,     0.03367808194
          0,           0,          61,      -1.957714361,      -1.631717696,       -1.99872273,      -1.259923824,      -2.266091457,        5073.92698,      0.0913477053,      0.4292069213,                 0,                 0,                 0,       641.6061186,     0.04598295311,      0.4364041161,                 0,       4.698606494,     0.03471471832
          0,           0,          62,      -1.961059174,      -1.647240171,      -1.985682538,      -1.266626601,      -2.267219752,        5073.92698,     0.09129285352,      0.4285915813,                 0,                 0,                 0,       640.6474712,     0.04599272236,      0.4357864135,                 0,       4.694689286,      0.0353757643
          0,           0,          63,      -1.953942715,      -1.643400234,      -1.964358402,      -1.260826401,      -2.270185711,        5073.92698,     0.09124867809,      0.4281661791,                 0,                 0,                 0,       640.1489446,     0.04599325556,      0.4353587241,                 0,       4.692300076,     0.03610202114
          0,           0,          64,      -1.963612037,      -1.648875851,      -1.960382645,      -1.267645584,      -2.274602141,        5073.92698,     0.09124230173,      0.4282034897,                 0,                 0,                 0,       640.6328626,     0.04598301411,      0.4353951638,                 0,       4.693036909,     0.03789522651
          0,           0,          65,      -1.966317779,      -1.643487199,      -1.972023645,      -1.265822073,      -2.279316081,        5073.92698,     0.09127962484,      0.4286527678,                 0,                 0,                 0,       641.8551027,     0.04597317041,       0.435845882,                 0,       4.696039982,     0.03937879372
          0,           0,          66,      -1.972154104,      -1.651261539,      -1.967122186,      -1.271575964,      -2.283230346,        5073.92698,     0.09131873485,      0.4291094842,                 0,                 0,                 0,         642.83924,     0.04596432631,      0.4363041846,                 0,       4.699030105,      0.0395538756
          0,           0,          67,      -2.007882584,      -1.663077695,      -2.006662163,       -1.29736952,       -2.28439699,        5073.92698,     0.09136467105,      0.4295738018,                 0,                 0,                 0,       643.7819145,     0.04596147646,      0.4367707603,                 0,       4.701749559,     0.04048500841
          0,           0,          68,      -2.029596832,      -1.673250252,      -2.007998836,      -1.313980028,      -2.285524131,        5073.92698,     0.09136930089,        0.42964125,                 0,                 0,                 0,       643.8948863,     0.04595903068,      0.4368383229,                 0,       4.702249506,     0.04048500841
          0,           0,          69,      -2.058032495,      -1.684087178,      -2.048509572,      -1.338049256,      -2.285253288,        5073.92698,     0.09134235265,      0.4295261767,                 0,                 0,                 0,       643.5342137,      0.0459442585,      0.4367210631,                 0,       4.702376983,     0.04041671459
          0,           0,          70,      -2.076909453,      -1.636482475,      -1.979511833,      -1.317339928,      -2.282782032,        5073.92698,     0.09130683131,      0.4292108142,                 0,                 0,                 0,       642.9583569,     0.04594189611,      0.4364037152,                 0,       4.700752485,      0.0401084492
          0,           0,          71,       -2.04655194,      -1.568691752,      -1.953038872,      -1.258956002,      -2.282172629,        5073.92698,     0.09127716015,      0.4289052151,                 0,                 0,                 0,       642.3699353,      0.0459443313,      0.4360966887,                 0,       4.698932508,      0.0401084492
          0,           0,          72,      -1.996403225,       -1.48220271,      -1.946549345,      -1.172995206,      -2.281554064,        5073.92698,     0.09124639231,      0.4286520645,                 0,                 0,                 0,        641.890366,     0.04594019345,      0.4358417088,                 0,       4.697742602,      0.0401084492
          0,           0,          73,      -1.948862484,      -1.440551195,      -1.973898565,       -1.13305528,      -2.281067153,        5073.92698,     0.09124506538,      0.4286400619,                 0,                 0,                 0,       641.8670206,      0.0459401284,      0.4358296332,                 0,       4.697679377,      0.0401084492
          0,           0,          74,      -1.950165338,      -1.446992373,       -1.97582324,      -1.138341331,      -2.281069234,        5073.92698,     0.09124499652,      0.4286394084,                 0,                 0,                 0,       641.8658338,     0.04594012823,      0.4358289761,                 0,        4.69767576,      0.0401084492
          0,           0,          75,       -1.94902222,      -1.446759176,      -1.968672285,      -1.137719179,      -2.279553277,        5073.92698,     0.09124499706,      0.4286394136,                 0,                 0,                 0,       641.8658433,     0.04594012823,      0.4358289813,                 0,       4.697675789,      0.0401084492
          0,           0,          76,      -1.950019966,      -1.447509425,      -1.965452076,      -1.138054493,      -2.279550792,        5073.92698,     0.09124499236,      0.4286393688,                 0,                 0,                 0,        641.865739,     0.04594012823,      0.4358289363,                 0,        4.69767554,      0.0401084492
          0,           0,          77,      -1.926976436,       -1.44228306,      -1.872560172,      -1.121800647,      -2.279539644,        5073.92698,     0.09124541432,      0.4286433835,                 0,                 0,                 0,       641.8751417,     0.04594012823,      0.4358329732,                 0,       4.697697816,      0.0401084492
          0,           0,          78,      -1.907323712,      -1.435320724,      -1.844135014,      -1.112377462,      -2.279354669,        5073.92698,      0.0912747457,      0.4289224548,                 0,                 0,                 0,        642.626651,     0.04594012803,      0.4361135816,                 0,       4.699245684,      0.0401084492
          0,           0,          79,      -1.835661517,      -1.404386476,      -1.702301937,      -1.062184864,      -2.277905025,        5073.92698,     0.09127473059,      0.4289222857,                 0,                 0,                 0,       642.6261732,     0.04594013068,      0.4361134119,                 0,        4.69924461,      0.0401084492
          0,           0,          80,      -1.831984123,      -1.401709003,      -1.698960918,      -1.059895795,      -2.277859302,        5073.92698,     0.09127470256,      0.4289220203,                 0,                 0,                 0,       642.6254576,     0.04594013054,       0.436113145,                 0,       4.699243145,      0.0401084492
          0,           0,          81,      -1.832872159,      -1.401236383,      -1.737280174,       -1.07129554,      -2.275023117,        5073.92698,     0.09131963028,      0.4293493974,                 0,                 0,                 0,       643.7627723,     0.04594013908,      0.4365428771,                 0,        4.70161121,      0.0401084492
          0,           0,          82,      -1.693475075,      -1.353004548,      -1.514329107,     -0.9327659745,       -2.26709537,        5073.92698,     0.09133976141,      0.4295572643,                 0,                 0,                 0,       644.3928433,     0.04593843192,      0.4367517095,                 0,       4.702850737,      0.0401084492
          0,           0,          83,      -1.741470991,      -1.375614346,      -1.593072829,     -0.9792657245,      -2.250471849,        5073.92698,     0.09133968518,      0.4295564738,                 0,                 0,                 0,       644.3903778,     0.04593843874,      0.4367509154,                 0,       4.702846008,      0.0401084492
          0,           0,          84,       -1.75149635,      -1.376162101,      -1.608894221,       -0.98651308,      -2.248081871,        5073.92698,     0.09135676097,      0.4297323622,                 0,                 0,                 0,       644.9715663,     0.04593703564,      0.4369276251,                 0,       4.703892275,      0.0401084492
          0,           0,          85,      -1.758550213,      -1.375757522,      -1.618253226,      -1.000732269,      -2.220905224,        5073.92698,      0.0913618402,      0.4297851949,                 0,                 0,                 0,       645.1171213,     0.04593656452,      0.4369806994,                 0,       4.704209044,      0.0401084492
          0,           0,          86,      -1.716802673,      -1.370688854,      -1.518874402,     -0.9859469223,      -2.212301925,        5073.92698,     0.09138154437,      0.4299386817,                 0,                 0,                 0,       645.7532664,     0.04594011701,       0.437135405,                 0,       4.704874323,      0.0401084492
          0,           0,          87,      -1.754224539,      -1.387320754,      -1.577512582,      -1.013206192,       -2.21055443,        5073.92698,     0.09139795637,      0.4300456386,                 0,                 0,                 0,       646.2714957,     0.04594525906,      0.4372434915,                 0,       4.705199719,      0.0401084492
          0,           0,          88,      -1.758993415,      -1.394588329,      -1.643644603,      -1.032852605,      -2.209444695,        5073.92698,     0.09142404822,      0.4302545268,                 0,                 0,                 0,       646.8708397,     0.04594937321,      0.4374539628,                 0,       4.706141712,      0.0401084492
          0,           0,          89,      -1.686351253,      -1.348508259,      -1.517171041,     -0.9816257718,       -2.20810917,        5073.92698,     0.09145197892,      0.4304431974,                 0,                 0,                 0,       647.4620684,     0.04595742946,      0.4376445194,                 0,       4.706767448,      0.0401084492
          0,           0,          90,      -1.756615793,       -1.38273884,      -1.577756177,       -1.00783429,      -2.205925408,        5073.92698,     0.09145182113,      0.4304415005,                 0,                 0,                 0,       647.4608192,     0.04595744991,      0.4376428152,                 0,       4.706757013,      0.0401084492
          0,           0,          91,      -1.664677562,      -1.324897303,      -1.450352562,     -0.9346887931,      -2.206321522,        5073.92698,     0.09146631368,      0.4305482292,                 0,                 0,                 0,       647.7872747,     0.04596070688,      0.4377504742,                 0,       4.707178106,      0.0401084492
          0,           0,          92,      -1.718764374,      -1.374454224,      -1.524557681,     -0.9934011878,      -2.209699044,        5073.92698,     0.09146939845,       0.430576765,                 0,                 0,                 0,       647.8378605,     0.04596079196,      0.4377791761,                 0,       4.707331329,      0.0401084492
          0,           0,          93,      -1.712384721,      -1.370127457,      -1.515768497,     -0.9825065802,      -2.206829545,        5073.92698,     0.09147478924,      0.4306177383,                 0,                 0,                 0,       647.9490167,     0.04596187033,      0.4378204884,                 0,       4.707501836,      0.0401084492
          0,           0,          94,      -1.718712904,      -1.379897337,      -1.523902674,      -0.980411464,      -2.192210152,        5073.92698,     0.09148601992,      0.4307004187,                 0,                 0,                 0,       648.1764385,     0.04596439703,      0.4379038899,                 0,         4.7078277,      0.0401084492
          0,           0,          95,      -1.702242743,      -1.359091993,      -1.493138715,     -0.9509410813,      -2.187597137,        5073.92698,     0.09149890472,      0.4308012416,                 0,                 0,                 0,       648.4347284,     0.04596667239,      0.4380055073,                 0,        4.70826665,     0.04035053485
          0,           0,          96,      -1.731732995,      -1.381750478,        -1.5301848,     -0.9740693588,      -2.187428261,        5073.92698,      0.0915197448,      0.4309639301,                 0,                 0,                 0,       648.8340381,     0.04597039272,      0.4381694829,                 0,       4.708972158,     0.04035053485
          0,           0,          97,      -1.746624814,      -1.375473525,      -1.528632326,     -0.9911353769,      -2.187435569,        5073.92698,     0.09152420195,      0.4309973248,                 0,                 0,                 0,       648.9074719,     0.04597133477,      0.4382031605,                 0,       4.709107707,     0.04004015525
          0,           0,          98,      -1.732000407,      -1.369706557,       -1.53131823,     -0.9965649331,      -2.187323139,        5073.92698,     0.09152434186,       0.430998692,                 0,                 0,                 0,       648.9087971,       0.045971331,      0.4382045349,                 0,       4.709115446,     0.04004015525
          0,           0,          99,      -1.718259507,      -1.352518468,      -1.520097827,     -0.9841452923,      -2.186367541,        5073.92698,     0.09152435269,      0.4309987882,                 0,                 0,                 0,       648.9090054,     0.04597133172,      0.4382046316,                 0,        4.70911594,     0.04004015525
